PRCP ID,Comment Score,Comment Score Reason,Comments
1000019745,0.7,Tip received and monitoring pending - suggests a need for follow-up,tip rec'd 4/5-missed tip follow up----came in 4/5.  Monitoring due---7/12/23:  Data mined---need to staff
1000040019,0.5,Triggered for different states - billing HCPCs codes - closed after review,6/2/23-Sent to Gayna from kathleen-all TINS coming up were FL…majority of billing on is HCPCs codes.  EDW search did not include provider name on options---left all providers in report.  Run 3B group---no individual patterns.  No individual patterns---Send to PS to review -consideration.  6/29/23:  closed.  Triggered for differnet states only.  All E/M codes and provdier is MAT provdier.
1000057290,0.3,Minor non-MD billing - pass as possibly done in consultative role,6/16/2023:  GH Only non MD code that comes is 90791-Some of these were on an IP unit; not clear that he was not doing these as consults and not prescribing meds--billing for the codes was about $5K-pass; no other patterns…
1000061733,0.25,ORC addressed billing for others - improved patterns - case closed,6/20/23:  ORC occurred in 2/13/23-provider was billing for others.  PNI referral doen.  Close case; pattenrsn improved…
1000089256,0.15,PHD provider with longer days as the only pattern - holding all SP cases - no other concerns - case closing,5/1/23:  Provider is a PHD - only pattern is longer days. Holding all SP cases at this time with no other patterns. Next steps: Close cas
1000110101,0.15,Non-MD codes old - primarily H0015 HCPC billing - minimal concern,5/25/23:  Pass--all non MD codes were old. is primarily exposure - H0015 top HCPC 
1000111750,0.05,No billing since January - case closed,5/12/23-no billing since Jan 23---close case. 
1000111835,0.2,Old long days - one-off code combinations - no current concerns - pass,5/16/23:  re-run EDW PPA-PhD - WI-triggered for long days - states - long days are older - code combos are one-offs - psych testing- looked okay.  Pass
1000134212,0.05,Case open with non-response - psych testing not warranting ORC - closing case,5/12/23: Case was open - but non response was not engaged--had psych testing ---will close case. Psych testing does not warrant ORC based on exposure.
1000146589,0.55,In scheduling process for review - potential risk pending evaluation,Open to Gayna---in scheduling process as of 5/17/23
1000168187,0.2,No current long days - minor cross billing issue - primarily add ons and E/Ms - pass,5/15/23:  FL no currently long days. This is a pass….1 cross biling issues - nothing to outreach on---only doing add ons and EMS.  There 
1000176304,0.3,Billing aligns with provider's state - codes out of PM scope,7/10/23:  shows TN on report - but in PLINX these TINS are in OH and all billing in in OH.  Codes billed are out of scope for PM-ASAM 3.5 and 3.7  
1000207812,0.65,Confusion about non-MD codes - needs outreach for potential incident to billing,6/23/23: and EDW - Non MD codes top billed…confused about codes?  Needs outreach-potential incident to - but need to confirm following guidelines.  Need to split by TINS to see if this is a group pattern  Marjoity NH billing.
1000208203,0.15,Primarily inpatient services - no other patterns of concern - case closed,5/3/23:  Close case - primarily IP servies. priarmily IP billing and no other patterns of concern.
1000210248,0.5,High complexity billing - long days addressed - QR now - case closing,6/16/23 staffing-ORC took place 8/30/22 - been almost a year since intervention-High complexity e/m - non traditional MD - telemental health services - a few long days---QR now---as these patterns to not appear to be occuring at this time - CPS is closing case.
1000211683,0.4,Mostly telehealth with some long days - group reviewed - individual open at committee for further action,5/12/23:  2I Rhode Island Counseling Associates---has 3B as well---mostly telehealth - group wsa reviewed---providers in general do not have long days - but he does. 2I is group ending in 11858; Open at individual committee.
1000220734,0.25,Older long days -  telehealth billing - pass after review - mostly telehealth - no current concerns after review - pass,5/10/23:  MD in GA - triggered for long days - add ons….on EDW billing…1 non-MD code….majority of telehealth - long days are older - 1 x  11 hr 2023---nothing current…would mostly be a thx add on  - and they were for the most part 90833s.  Pass--math on long days would put pt ct at 8-9 pe day.  
1000221952,0.35,Minimal non-MD codes - discrepancy noted with PLINX - needs data re-run for accuracy,5/12/23:   for Elite DNA which was closed 4/10/23--very minimal non-MD codes….in individual PPA---previously closed in April… does not jive with PLINX and shared folder; need to re-run data.
1000222531,0.25,Supervisory Protocol in place accounting for longer days - minimal out of state billing - no case opening,5/3/23 SP in PLINX - Initial Patterns- Provider triggered for longer days - out of state billing - and is billing from two Tins. Upon staffing with PM Manager will not open case - provider has Supervisory Protocol which accounts for longer days and minimal out of state billing.
1000226224,0.2,MD in RI - primarily IP - explained long days - no current concerns,5/25/23-MD RI - 2I - closed in 9/22 tx'in gprimarily IP - new PPA--still IP - all E/M…91% IP-Affinity Physicians-multi disciiplinary group-long days explained…
1000230849,0.4,Information sent to PS - case open - no additional details provided,5/17/23--sending info to PS…5/17/23 :  pulled up -Aileen has case open to 3B NassauCounty
1000233953,0.6,Admitted to billing for others - long days recently - case actionable and needs workup,5/17/23:  open to Gayna---admitted to billing for others…has a large practice.  Last spoke to her in 2021.  PNI closed oversettlement 6 months ago.  This needs to be worked up---still some long days as recently as January.  Actionable...Gayna to reopen case and send to committee.  gayna to send to committee as of 5/25 when staffed again.
1000236938,0.1,MD in RI - previously addressed for another provider - no current action needed,5/25/23:  MD  - 2I in RI--Affinity-addressed for prior provider.
1000242087,0.3,Group billing under review - no individual patterns - pass,5/9/23:  EDW claims only - MD in GA--triggered for states and add-ons--group is open….Psychiatric Professionals of GA--thx add on - non-prescriber and incident to.  They have billing for others written into contract-documented in PLINX.PASS
1000247842,0.3,MD billing mostly E/M and therapy - no significant concerns,6/2/23:  MD - FL-triggered for states-Provider doing mostly E/M - therapy is on CCR tx - but expected---pass.
1000249243,0.45,Removed flags but still billing non-MD codes - moderate exposure - needs staffing review,5/16/23:  flag was in place as of 5/22/22---on check of RAPID-10/13/22 flags were removed for passing rate on audit.  Triggering for long days and states now.  Has multiple TINS. 1 Long day.  She is an MD   Increased her billing for Medicaid--total exposure. still billing non-MD codes...Total non-MD code billing has not really changed that much.   Bring to staffing.  Staffing: 5/16/23-AVP recommended extracting Medicare and DSNP from pivot-no practice patterns worth of outreach at this time.
1000249319,0.15,No billing activity - termed from previous connections - monitoring with Lifespan,5/19/23-MD RI  - 2I - Recovery Connections-termed and Community Care Alliance 3B-termed; no billing .  INN with Lifespan---Run Lifespan PPA
1000250184,0.65,Incorrectly run - very long days reported - needs review,5/15/23:  MD in FL---need to select provdier on these.were run incorrectly.  Has 19 hour days….send PPA---
1000251675,0.15,Flag placed - case should be closed - minimal action required,5/24/23-Open to Gayna-flag placed as of 4/20/23.  Case should be closed.  Sent email to Gayna to close.
1000251748,0.35,Triggered for state and therapy add-on codes - billing reviewed and confirmed - ongoing monitoring,5/10/23:  MD in FL - triggered for states and thx add-on codes.  Elite DNA was passed on as a group.  3B is the only Tin bringing in claims; sent IM to TJ....confirmed provider can bill non-traditional MD codes in FL as 3B for other clinicians.
1000255202,0.3,MD with some frequency in billing but no significant patterns of concern,6/30/23: MD in FL - triggered for CCtx - some frequency but has a small bit of IP POS - no add-ons - no patterns of concern.
1000257540,0.35,MD triggered for states - no patterns to address - needs group PPA,6/2/23 MD in WI - triggered for states--no patterns to address-need group PPA for Aurora. Directed CPS to run group PPA  She is the provider on the Aurora PPA--group was run-very large--no immediate patterns.  
1000259428,0.1,Case closed due to time since last intervention and only trigger was different states with low exposure,5/12/23:  closed current case given time since last intervention of 3/3/22…Only trigger was different states and exposure was  low
1000263971,0.55,ORC and auditing in progress,6/8/23 ORC / auditing
1000264204,0.5,ORC completed - case open for monitoring,5/15/23:  ORC 3/20/23--case open to Gayna - due for monitoring 
1000268046,0.15,Minimal non-traditional MD codes billed - very low claim volume - does not warrant Practice Management outreach at this time,5/8/23:  staffed with AVP and mgr:  NB-- doing H2036 (Both are ASAM 3.7-H2036 is the Adol MMIntensive IP tx - 0011 is the ASAM 3.7 WM -withdrawal management.  A small number of the non-traditional MD codes on the 1A TIN #341864540 with the most recent date of service of 3/29/23 for this provider. The claims submitted for these CPT codes are very minimal and therefore would not necessitate an outreach call from Practice Management at this time.
1000272889,0.55,ORC scheduled - case under review for incomplete notes - pending further investigation,5/5/23-open also to Gayna--ORC scheduled for 5/10; reviewed by manager 7/11 and asked GH to review for incomplete notes-PNI referral
1000273339,0.6,Recent referral - supervises mid-level clinicians - educated on billing - monitoring required,7/9/23Open-to Gayna-recent 3/27/23 ORC PNI referral done-Supervises mid level clinicians and thearpists-was edcucated re: incident to - and as to inability to bill for licensed staff for commercial and Medicaid. 
1000275955,0.25,MD with Medicare billing - no add-ons - pass based on review,6/2/23: MD in AL - triggered for addons - long days - states - only has claims at the 1A.  Long days have primarily medicare billing - could be incident to - mostly office work - pass---based on content of long days---this is doable…pass. Some telehealth--
1000281799,0.4,Intervention successful with billing corrected - no further action required,HG:  5/3/23:MD - 1A - previously billing 90834s instead of 90833s-we did ORC 3/17/22; no more 90834s in post intervention billing as of today
1000282394,0.3,Mostly IP work - no patterns of concern - frequency due to IP - pass,6/30/2023 Conc tx-but he does mostly IP work - no patterns of concern - freq is up due to IP - conctx expected. 
1000286450,0.2,ORC closed - no non-MD codes for commercial or Medicaid,6/23/23:  ORC in Feb 23 - closed as incident to only-no non-md codes for commericial or medicaid.
1000287538,0.4,Tip for billing not on BH fee schedule - sent to network for review,6/20/23:  case had a tip for 99457 paying despite not being on BH fee schedule; sent to network. Other patterns appeared to be more one-offs than patterns - would not outreach right now.
1000288616,0.7,Billing E/M as PhD - frequency up - psych testing - ORC needed,7/7/23:  PhD in MO; 99358 on EDW as E/M billed by PhD-- ORC necessary. 11% of billing. Frequency is up--doing some psych testing though.  
1000290491,0.25,MD billing mostly IP psych - E/Ms and TMS - no actionable patterns - pass,5/26/23;  MD in MO-triggered for states--all E/Ms and TMSmost and mostly IP psych - all E/Ms…small telehealth--no actionable patterns-pass
1000291082,0.55,Multiple TINs with supervisory protocol - group versus individual billing to be reviewed - potentially actionable - review needed for group vs. individual billing,5/10/23:  states and add-on codes--2 TINS-2Is apparently - has SP on his case-----need to run group v. individual ---individual might be actionable as long days and SP---but the codes billing suggest he might be superive fully licensed folks--need to Commercial/Medcaid v. Medicare billing.--need to run group.    
1000292943,0.45,Requires monitoring - no specifics provided,6/8/23-needs monitoring
1000293325,0.2,All E/M billing - no long days - small amount of telehealth - pass,5/19/23-triggered for cctx and states - all E/M - no long days - varied dx - small amt of telehealth //pass
1000296322,0.4,Long days but supervisory protocol in place - pass after PS PM review,5/9/23:  Case concerns include: 99.8% of billing is at 3B - long days present but expected as supervisory protocol is in place. No other patterns of concern. Next steps: Manager in agreement no PM OP patterns of concern to address - close case - but also forward to PS PM to review.
1000302230,0.45,Flag requested - no additional information provided,6/13/23:  flag requested 6/13/23.
1000302979,0.5,Monitoring due soon - previous PNI referral,7/11/23NB has case - PNI referral done--monitoring due 9/13/23
1000308995,0.3,Triggered for add-ons - but no other patterns of concern,6/30/23: triggered for add ons - data only at 1A-primarily 90833 - no other pattenrs of concern.
1000309406,0.25,Triggered for states - long E/M days - but no concerning patterns - pass,5/16/23:  triggered for states - Only doing E/Ms and  evals.. 2 long days at 10 hrs but only doing E/Ms.  Pass--no patterns…Cross billing issues x 3 but not patterns…..
1000309849,0.5,ORC completed recently - monitoring billing for licensed clinicians,7/9/23:  ORC on 7/7/23; acknolwedged billing for licensed and mid level clinicians to include NPs and Pas
1000309870,0.15,ORC initially scheduled - case closed after leadership review,5/16/23:  ORC was being scheduled; 7/11/23:  following feedback from leadership on further review of potential patterns - case was closed.
1000312947,0.25,Checking telehealth origination codes - long days but supervisory protocol applies - case pending verification,5/12/2023 - 2I in RI-check with network on Q code for telehealth origination….long days but SP would apply.. Will close if Q code is legitimate on fee schedule.
1000342543,0.2,No billing identified - out of PM scope - minimal risk,7/9/23-re-ran PPAs--EDW only - and all but 1 client was ID Medicaid-out of scope for PM; No billing
1000347454,0.35,Primarily HCPC billing - no other details provided,6/23/23:  Billing on  is primarily HCPC billing - 
1000361607,0.2,SP issues may play in for case - closed for now,5/9/23:  prior open case - went to NR - but when reviewing PPA again - it appeared that SP issues may play in for this case.  Closed case at this time and will consider reopening once SP issues are solidified.
1000365787,0.3,Case open with pending email follow-up - staffing pending for future review,5/10/23Open to Natasha--sent email as still on QR--was this addressed; case staffing pending in future acitvities for 7/14/23.
1000366111,0.15,Previously reviewed - needs additional PPAs to file - minimal action required,5/26/23:  recviewed previously in April 10 - 2023--add PPAs to file
1000367021,0.4,Medica and MN billing - sent for managerial review,6/9/23-2I with PhD.  Medica and MN send to Mgr for Karen review
1000369567,0.25,Flag in place - no other triggers - case to be closed,5/9/23:  Flag was requested 3/3.  Flag is in place per PNI.  Completed on all platforms…sent email to Gayna 7/9/23  on re-review of this case to please close it.
1000371518,0.45,Open for review due to new tip,6/30/23: open for new tip-in queue to schedule-
1000373594,0.55,Billing for neurofeedback inappropriately - PNI referral done,6/23/23:  provider was billing for neurofeedback inappropriatesly.  PNI referral was done.  Was billig under the 90837 code. 
1000373699,0.35,Slightly longer days in GA - no apparent pattern but requires note correction or addendum,5/18/24:  LCSW in GA---triggered for states; slightly longer (9 hr) days but do not appear to be a patterns---there were 3 instances.  7/11/23--on review-sent Gayna a note requesting correction or addendum--note references Happier Living but provider does not appear affiliated iwth Happier Living-it's Lifestance.
1000376092,0.65,Long days previously unaddressed - needs new evaluation and call,7/10/23: triggering for long days---prior ORC in Jan 2023 did not appear to address long days - only telehealth in different states.  Provider is not a 2E as detailed on ICL---and this would go away anyway.  Not clear that we have addressed all the triggers.  Crisis add-ons were minimal although he appears to be  billing them without the 90839. Needs new call. Sent to GH
1000381999,0.1,Almost all Medica - forwarding to Medica team,5/12/23--Almost all Medica---Utilizing 99349)  Forward to medica
1000383580,0.2,Small amount of non-MD billing - no long days - minimal concern - pass,5/26/23:  MD in GA--triggered for states and add-ons. No long days though - very small amt of non MD billing - little bit of MFM-not where we go---very small amt of non MD - like 6k total….pass - thx add ons are there - but 90833 not a significant issue to discuss given what she doing.
1000386263,0.45,Incomplete information - need to rerun reports for clarity,7/11/23:  PPAs not on file in PLINX; note is documented but provides no information-need to re-run reports
1000393490,0.55,Provider not easily identified in billing - limited claims - no outreach warranted,as of 5/24/23:  on this TIN - Deborah (Debra) Smith does not come up as a provider choice when trying to run claims---when running the whole TIN with all providers - her name also does not appear as an option when sorting raw claims.  One of her TINS is a St. Charles Hospital affiliation so medical codes are coming up on PPA.  On EDW with both TINS run - when her name is selected she only has 8K in cliams. SHe is a PhD and does some psych testing.  No patterns worth of outreach on this PPA.; 7/12/23:  none of the billing is coming up in her name based on teh TIN on this report and all TINS with the same NPI for this provider.  EDW shows only 8K in billing.  
1000417305,0.3,Minimal non-MD codes - mostly telehealth - frequency and add-ons not concerning,6/16/23:  triggered-states and add-ons - only has EDW billing - add on psychotherapy - minimal non-MD codes - mostly telehealth - ADHD billing - no long days - Doing add on with pirmarily 99214- - freuquency is fine - a bit of psychotherapy in concurrent table - but not enough to warrant ORC...pass
1000417588,0.25,Triggered for long days but comprised mainly of e/m and some telehealth - rounds completed - no current concerns,5/5/23-triggered for long day - when viewed--long days are comprised of primarily e/m.  Some telehealth but not all-some IP....completing rounds.  Passed at this time.
1000424444,0.55,Previous ORC and PNI referral - continued monitoring for billing for others,5/15/23: 1/13/22 ORC - PNI referral for billing for others;  3/27/23--ORC---for continued possible billing for others.  Monitoring due.  Postential for case closure if monitoring reflects no issues.
1000424897,0.2,Flag for non-prescriber codes placed - case closed,6/16/23:  checked case - flagg requested had been placed for non-prescriber codes effective 12/12/22.  Closed case.  
1000429724,0.45,Billing reflects dual enrollees impacting long days; hospital billing increases frequency,6/9/23 billing at Lifespan-combination table was reflective of dual enrollees-which also would have impacted long days--frequency is up because of hospital billing.
1000433984,0.2,Case closed - addressed long days and add-ons,6/2/23-closed on 5/19/23 to KB already--- Long days - states and add ons---addressed - PNI referral was done….
1000434881,0.35,Past concerns addressed - current practices do not warrant further action,HG 5/2/23:  long days and add ons previously.  Provider is doing psychotherapy add-on with all patients - but only 90833 - long days appear to be made up of only 8-9 patients and there are only 2 days this long. 27% of diagnoses are ADHD with a mainly adult client base. No other current patterns of concern. staffed and closed
1000434915,0.3,SW with long days - but not a consistent pattern - pass,6/2/23-SW in WI - long days - 1 long daq 10 hr - 3 9hr---not a pattern. Pass  
1000437118,0.4,States flagged - TMS case reviewed - no individual patterns of concern,6/8/23-states - all claims at the Tin ending in 352; 2i - prior case for TMS tips--all E/M and TMS-did not run group 2I--as no patterns for individual provider
1000442232,0.3,Has SP in system - affiliated with groups - no current need for outreach,5/3/23:  has SP in system - 2 group affiliations - 1 x 2I and 1 x 3B--would not outreach for this at this time.
1000442731,0.55,Needs ORC due to persistent non-MD codes billing over $12K,5/16/23--need to ORC---based on monitoring as non-MD codes persist over 12K.  
1000442765,0.4,Billing at Sunrise - working with PRA - outstanding tip to address,6/2/23:  most of billing is at Sunrise which is open at the group level already….been working with PRA---there is an outstanding tip - she had to get there is a problem with the update of the contact information at the Sunrise groups…
1000451627,0.2,Multiple active TINs but majority of billing concentrated in one - mostly HCPC codes for meth maintenance and MAT - low billing for other codes - no concerns prompting action,5/9/23:  8 active TINS-4 3Bs - 1 x 2I - 1 x 2A and 2 x 1A's.  1 of the 3Bs has 90% of billing. Most of this is HCPC  codes for meth maintenance and MAT-Every other code is under 5K for billing for 1 yr.  Primary state is WA.Pass.  
1000469794,0.25,Only H codes billing - no standard outpatient patterns of concern - under review by public sector,5/5/23:  H codes-Only billing - H0011 - H0010-sent email to publice sector for review of HCPC billing as there did not appear to be standard OP Pattenrs of concern.  
1000471222,0.25,Audit revealed progress note issues but will close - low impact on claims review,6/28/23:  audit results call 5/24/23; 9 progress notes not unique - also not signifant and separately identifiable section for add on. PNI referral was done case is in validation.  Closing case - will consider reopening should tip or other issue arise.  Audit deficiencies would not be observable in claims review.
1000475467,0.1,Confirmed FQHC status - no further action needed - case closed,5/19/23:  RI - EDW primarily - LCSW - 2I Thundermist (2021 case)-check FQHC status appears to be FQHC---if FQHC - close - if not-run group bring back to staffing.  Confirmed FQHC status with PRA--and closed case on 5/22/23.
1000478829,0.2,Previous ORCs addressed - case closing as issues appear resolved,6/16/23:  several ORCs for this proivder - most recently on ORC on 6/23/21--more than a year ago.  PNI is in offsetting Closing case at this time.
1000485792,0.6,Open for committee review - PNI needed ASAP due to missed referral,6/2/23-open to Queue--EDW only--need post intervention PPA-assign-missed PNI from Erin S.  Gayna to assume case.  Committee and PNI needed ASAP.
1000497983,0.75,Triggered for IC - majority HCPCs codes - group adaptive billing - outreach approved,7/7/23 triggered for IC - KY-majoriy of billing appears to be HCPCs codes---exception being group adaptive 97154 code…. Approved by committee for outreach
1000499704,0.3,Similar to PRCP ID 1000242087 - no individual patterns - pass,5/9/23:  EDW claims only - MD in GA--triggered for states and add-ons--group is open….Psychiatric Professionals of GA--thx add on - non-prescriber and incident to.  They have billing for others written into contract-documented in PLINX.  PASS
1000501849,0.7,MD with ongoing billing concerns - patterns continue - case in scheduling for re-outreach,6/2/23-MD in FL - triggered for 4 thiings…long days - non-MD - states - add-ons…-non-MD codes - add ons - last ORC was last June - audit was lost.  Long days - but older - but still may be billing for others..Little bit of Medicare but majority of clients are commercial.  Gayna will work up case for re-outreach.  Patterns continue.  7/9/23-in scheduling process
1000508452,0.4,Primary billing is SUD HCPC codes and residential level - requires monitoring,6/30/23:  primary billing is SUD HCPC codes and residential level.  
1000514363,0.15,Rostering issue resolved - case closed by AVP direction,5/12/23:  MCCD  and Talkiatry.  Provider group was closedon 8/4.rostering issue was an error on Optums end in 4/2023. MCCD closed at AVP direction 4/4/23.  
1000514645,0.45,Exposure low - previously addressed concerns - monitoring for potential changes,NB:  5/3-close case - expousre low - no longer triggering for non-MD codes which were addressed a year ago---case will come up again if exposure rises.
1000515432,0.25,LCSW with minimal crisis billing and telehealth - supervisory protocol likely - no current action needed,5/12/23-LCSW - MA 1A is only one currently active xxxxx16218 TIN.  Triggered for crisis but only 127.00$ - Billing some telehealth - some long days but Sp….not warrant opening at this time---SP a primary pattern-long days---website indicates mutiple master's level clinicials she could be supervising.....
1000517728,0.55,Acknowledged billing errors - PNI referral done - billing declined since intervention,6/20/23:  ORC had taken place 1/10/23-provider thought she was only billing for those who needed supervision but on review she aknowledged billing for LICSWs and LMHCs who should be billing under their own name-PNI referral was done.  Overall billing appears to have declined significantly since pre-intervention. 
1000518129,0.3,Case previously closed - small exposure for non-MD codes - no current significant patterns,MD in FL---was closed in tip review in 2/2023--Gayna had case previous to that even was closed.  5/2/22:  PPA now--non-MD codes  very small exposure-not pattern…add-ons - TMS - some pscyh testing of small amt….pass.  Long days are really old. Staffed with AVP and Mgr-closed case as non-MD codes minimal and no other significant practic patterns.
1000529278,0.35,Billing only 3B - under PIP and IAs - case open and monitored,5/15/23:  ran PPA /Claims--only billing 3B; Health Commect Americal out of MS. Lori Latham has case open .  Group is on a PIP and IAs being done
1000529332,0.25,Monitoring completed - flag in place for codes - no current action for PM,1/10/23 note in PLINX indicating hold on ORC via AVP.  4/25/23 monitoring was done.  FLAG in place for all codes effective 2/10/23.//should read:  nothing for PM to address.    
1000529792,0.15,No patterns warranting ORC - telehealth consultations small - lots of hospital rounds,5/19/23-Case was open and CPS monitored; no patterns on PPA warranting ORC at this time---1A - 2I-CEP - group -telehealth consultaitons of smll amt….nothing on the group PPA to intevene on---lots of hopsital rounds.
1000530061,0.35,Longer days but could be SP issue - no other reasons to reach out - pass for now,6/16/23:  MSW - VT - 1A - staffed in Feb…still has longer days butr this is the only pattern and this could be SP…this would be the only reason to reach out…close /pass for now - may come back.
1000534184,0.25,Intervention took place - some long days but SP attached - monitoring situation,5/12/23---intervention took place 2/12/21-current PPA-as of 4/6/23-not current .  SP attached to contract.  Some long days but has SP attached to contract right now.
1000537869,0.1,3B group performing SUD treatment and MAT billing with HCPCS codes - no concerns - pass,5/1/23:  3B group - doing SUD tx - MAT billing HCPCS codes - pass
1000538189,0.3,MD with minimal non-MD codes and add-ons; total member base justifies billing,6/8/23:  MD in FL-triggered for states - thx add on codes - small amt of non MD codes. Amt was negligible.  Pass.  Add ons were also minimal in comparison to total member base. Content of long days when the math.  Day had 5-6 hrs of add ons and then the rest were e/ms---was doable.
1000540579,0.6,MD with unusual billing patterns - in scheduling - needs further review,6/8/23-MD in FL-2nd highest code - F90 top dx and not seeing that many kids - telehealth - all claims at the tin ending in 859--1A.  Incident to - telehealth - no add-ons.  In scheduling as of 7/11.  
1000542156,0.25,No significant concerns with add-ons or billing patterns - close case,"5/26/23  CC tx  - states and add ons…no current long days though….and lowest add on in terms of time…freuqency is low…all commercial---pass….  Call-add ons - telehealth -  actionable…?  Check billing for multiple TINS by provider…Provider's name is in the concurrent table several times for mbrs but it is clear that he transitioned from TIN 2A 752 to 2A 791 at the beginning of Oct 2022. No other practice patterns to outreach to provider to address as add on codes are all 90833 and no long days. 
Next steps: close case "
1000544957,0.2,Has 1 Oregon TIN - but billing predominantly occurs at 3B groups in Idaho - no specific concerns mentioned,5/1/23:  1 Oregon TIN but all of provider's billing is at 3B groups in Idaho
1000545019,0.35,PhD with Medica billing - case routed to Medica team for review,5/3/23:  PhD - MN - Medica on EDW and MN Metro on--route to Medica folks
1000545781,0.2,Old long days - low complexity E/M billing - H code billing stopped - pass,5/17/23--triggered for long days and add ons….1A is only Tin bearing claims.  No current long days.Long days are very old.Add on with low complextiy E/M.  H codes were not paying on EDW.H code billing on even stopped in 2022.  Pass
1000546516,0.45,Open to Gayna currently - ORC with PNI referral,6/23/23-open to Gayna currently.  ORC 4/28 with PNI referral. 
1000550663,0.45,Non-MD billing at 1A - case open for review,6/9/23-EDW only.  MD in PA - all the non-MD billing is coming in at the 1A Gayna has case open….-
1000552928,0.6,Add-ons with mid-level E/M complexity - no non-MD codes - some Medicare exposure,"7/7/23:  MD in FL - states.  There are add-ons,but lower time add ons with mid lievel complexity E/M; does do IP services - freuqency is up b/c of this.  Some 90791s but there is some Medicare exposure and could be incident to - no other non-MD codes."
1000558265,0.45,Undergoing PS outreach - only trigger for concurrent tx - pass,6/16/23:  Open to PS under TJ Bolton Young-only trigger for us was concurrent tx - PS is in outreach process; pass.  Billing H0038 - high units/week.
1000558543,0.35,No patterns of concern - codes look good - checking for OOS billing then close,6/16/23: SW in FL - triggered for states--no patterns.  Codes look good - no combo concerns - is doing telehealth-CPS to check OOS billing in claims and then close if none present.
1000560735,0.15,Billing H2019 TBS - longer days due to H code billing - frequency explained - pass,5/19/23-Billing H2019 TBS in MN - other codes about 92k in Medica; days are long due to H code billing for units - frequency is up due to H codes as well.  1A.  Pass
1000577587,0.4,Billing HCPC codes - under review - needs further clarification and monitoring,5/3/23: Medica billing on EDW - most of billin is on--provider is a PhD - provider is billing HCPC codes as 1A---  send email to Rebecca and TJ
1000577787,0.4,SW with long days possibly related to SP - no current outreach,6/30/23:  SW in WI - long days….does have longer days  EDW which could be SP--will not outreach currently.  This would be the only pattern.
1000580769,0.3,Therapy add-on codes with reasonable day length - no outreach needed,6/9/23--MD Fl - Therapy add on codes are mainly 90833. Slightly long day but it is EM and 90833 (11 mbrs). No other patterns worthy of outreach. 
1000585276,0.3,Affiliated with 3B and 1A - primary billing for crisis in ER - no other significant concerns,5/3/23:  Affiliated with 3B and 1A-LPC…S9485 3b is showing S9485-Crisis in ER (POS 23)--diversion program likely as this is her primary billing---next OP code is below threshold
1000586215,0.3,Low volume - limited members - no long days - missing group data - pass,6/2/2023 - 2A - MA - telehealth - with adults..Lifestance - 90836s as add-ons - very few members….pt's are seeing therapists….missing EDW group…tried 6 mos and 4  
1000589801,0.25,Monitoring showed add-ons didn't warrant outreach - case closed,6/16/23-closed after monitoring recently-add-ons did not warrant outreach at this time. Headway provider--pulled Headway PPAs.  APRN with add-on therapy codes and non-traditional prescriber codes. 
1000595511,0.35,Multiple TINs - CCTx expected with hospital treatment - primary IP billing,6/30/23:  Multiple tins - triggered for CCTx-expected with hospital tx - primary IP billing - day volume was good - frequeny is up as expected - 
1000600503,0.3,Detailed audit completed with positive findings - due for routine monitoring,ORC 11/29/22-long days - thx add ons - diff states.   Audit results meeting 5/3/23-audit addressed straight therapy notes and psychotherapy add on notes.  PNI for documentation supported use of evidence based psychotherapy - code billed met minimum time requirements - times overlapped with other services/members - service billed matched service provided - rendering provider on CMS 1500 claim form matched progress note -  progress note unique to session (therapy add on only) - psychotherapy was significant and separately identifiable.  Due for monitoring 8/3/23.
1000601962,0.7,Significant add-on billing with some concerns - telehealth and out-of-state billing - actionable,7/9/23:  Significant add-on psychotherapy with some 90836 and 90838 - some NON-MD billing - Mostly telehealth billing-with potential out of state billing based on location of provider compared to claims - more ADHD billing than children and adolescents - longer days are older - but still should address the Non MD codes…does have a little bit of Medicare. Actionable. Sent to GH
1000605631,0.6,Limited exposure and clientele - triggers present - potential for follow-up,7/9/23:  EDW only - 36k exposure; 7 metrics: doing spravado; only has 7 clients; some crisis; all office and all adults-has triggers and would be worth a call after bigger fish are fried.  Has 90838 add ons with all 7 clients - has crisis and crisis add on  - has ADHD dx for 32% of billing with all adults (but only 7 clients) - All office billing; pass for now given higher priorities.  
1000606278,0.5,Billing for others being reviewed - will need to re-run data,5/9/23:  Can't call about the SP stuff right now.  They were billing for others that were fully licensed (Tynise Penn was too).  Group was opened but closed 3/2023. Bring group and Pen and Safo PPAs to AVP staffing. (This was KBs case) - will need to re-run data 
1000606389,0.25,Concurrent tx billing makes sense with hospital context - pass,6/1/23 - MD in AL; triggered for concurrent tx-predominant hospital billing - minimal add ons….makes sense….pass
1000616750,0.3,Associated with MCCD - no patterns - pass due to rostering issues,6/2/23--associated with MCCD---no patterns-long days.  Add ons - states.  Provider is a 2A--pass due to rostering issue at MCCD per case documentation---Hollys had note on MCCD.
1000624579,0.55,Some non-MD billing and high complexity E/M - no immediate pattern of concern,7/9/23 ran PPAs for data mining--has some non-MD codes (1.4%)  but this isminimal compared to rest of his billing - and does have some Medicare and this could be incident to billing. Has had prior ORCs with us but more than a year ago.  Has some high complexity e/m associated with spravato and is doing TMS (42.9% of billing. Mostly office billing - with 1/3 of billing telehealth. will not outreach at this time as it does not appear there are patterns of concern.  Reviewed group PPA for Allen Psychiatry -muldi-disciplinary group - E/M with add-ons - billing some 905 and 913 rev code as POS is 22.  
1000628651,0.65,Actionable case - scheduling call for review,5/9/23:  Edw claims only - triggered long days - states - add ons; MD in WI. 2I with SP and OON (little bit non MD billing)  ACTIONABLE-case is open to Natasha---she is scheduling call - attmpts as recent as 5/12/23.
1000630879,0.35,Frequency due to IP services - no other billing concerns,6/9/23-frequency - CCTx - States-freuqency is up b/c of IP services - 99215 top code - but has pretty good split with 99414 and 213 and does do IP services-pass
1000633711,0.2,Flag in place for non-MD codes - only issue noted - case closed,6/26/2023-Closec case as flag was noted to be in place for non-MD codes as of 4/18/23.  This was the only issue noted at the time the call was done.
1000642165,0.25,Intent to cease billing for non-traditional - no current patterns - case closed,6/16/23:  ORC 11/1/22 - reported intent to cease billing for non-traditional-patterns of documentaiton for psychotherapy add.  No other patterns to address at this time; closing case.
1000645274,0.15,Case closed - long days were to be addressed but has SP,5/19/23-Open case closed in Mar 2023…were going to address long days in  but has SP---we closed case with out call
1000647313,0.4,MD with non-traditional therapy codes - no long days - needs committee review,5/12/23-late non response-starting over; MD - MD with non-traditional therapy codes.  He is a 2I with Rogers Memorial - second is a 2A at Red Oak counseling.  Needs to go to committee - no long days - but still top code billed is non traditional MD.  only.  Was KB's case - need to review patterns
1000650835,0.5,ORC and auditing in progress - case under review,5/16/23--ORC took place - auditing….
1000657046,0.3,Primary exposure with H codes - no action required,7/7/23:  primary exposure - primary H codes - little CPT codes.  2I affiliate.  Nothing for OP to address.  All SUD h code billing.
1000661067,0.25,Audit results satisfactory - closing case - patterns improved,6/15/23:  audit results call occurred 3/1/23 - only 2 issues on audit-1 progress not did not meet for time and could not be credited for service billed/matching service provided.  PNI referral done.  Closing case - will not be able to discern wether this is ongoing problem. (ORC 8/5/22-telehalth and E/M codes with Slayton - add on documentaiton - ORC 11/2/22-further addressed long days - potential billing for others -  Provider not showing loss on Quarterly Report currently. )
1000661133,0.55,ORC addressed non-traditional prescriber codes and potential double billing,6/26/23:  ORC occurred on 3/10/23 - non traditional prescriber codes - long days - neuropsych testing with no attestation on file and a couple instances of potential double billing.  Triggers were addressed on call.  (Including inappropriate incident to.)  Closed case-will not be able to see inappropriate incident to billing v. supervisory protocol on PPA. Closed case.
1000661903,0.5,Monitoring pending - low exposure - case to resurface if conditions change,NB:  Looks like she is passing claims for PNI following flag - we had old open case - closing case - exposure is low - will surfance again should exposure increase or tip come up.
1000662853,0.15,Case reviewed and passed - long days noted but provider has Supervisory Protocol (SP),4/25/23:  Staffed and passed -long days but has SP---
1000662912,0.25,Long days explained by TMS and Spravado - not overly long - pass,5/26/23:  MD in Fl - states - add ons-long days explained by TMS and spravado; and weren't that long 10-11 hrs.  Pass
1000664114,0.4,Monitoring activity noted in June - ongoing review,5/9/23:  PhD in TX - Open to Gayna right now.  Audit results meeting in 3/24/2023. Monitoring activity in June in system.
1000678471,0.4,SW billing group therapy codes - PPA review does not support excessive frequency,6/8/23 SW in Wi - triggered for cctx and cross billing. 90853 top code billed.  Doing group and thx on same date.   Reviewed PPA from opening of case---times per week do not surpass min times for ASAM SUD tx at IOP or PHP level---frequency is higher than usual but on pivot does not equate to SUD IOP. No other patterns warranting ORC.
1000701048,0.2,Audit in final stages - no current concerns,6/2/23: Audit  in final stages currently…
1000701371,0.25,Reviewed PPAs - EM in hospital setting - no concern of billing for others,6/22/23:  Reviewed most recent PPAs which included some long days - provider is doing all EM in hosp setting (21/22) - pivoted claims for both EDW and and mgr did not have an overt concern of billing for others based on data.  Will close case at this time pending any other concerns in the future
1000706609,0.25,Usage of specific billing code decreased - low total exposure - no recent tips,HG 5/2/23-tip for using 90839 weekly in a 30 day period; she was doing this every time the NH called her.  We did do an ORC on 3/17/22.  Use of 90839 is way down.  2 pts with F06 dx currently in table but only has 26 clients total.  Total exposure very low No further intervention -close case.  NO tips in past year
1000708612,0.4,Under consideration for credential referral - case open - requires further assessment - active consideration,5/10/23--going to network for consideration of referral to cred-open to Gayna
1000716150,0.25,Billing for non-prescriber codes decreased - last DOS in March - case closed,6/23/23:  ORC back in Feb; for non-MD codes (Was billing for others on review of PPA/Claims now percentage of billing for non-prescriber codes has significantly decreased and last DOS billed for any non-prescriber codes was in March. Closed case.
1000718160,0.2,Engaging in supervisory protocol appropriately - case closed,6/20/23:  ORC in March (3/24/23) but provider was engaging in supervisory protocol appropriately….closed case this date. 
1000720063,0.4,E/M and hospital-based care match severity of diagnosis - no other concerns,6/9/23-triggered for HC E/m and CC Tx.  She is an MD in RI - 2I-doing primarily e/m and hospital based care - severity of dx supports this - frequency does to - no other pattenrs of concerns….Lifespan--6 mo PPA--no discernable patterns -would be difficult to see at the group level off the PPA.
1000721297,0.15,Case closed - SP utilized appropriately - long days addressed,5/19/23--Open-closed 5/8/23-ORC on 5/3-SP was being utilized appropirately.  Long days addressed.
1000724822,0.5,Sent for review - outcome or specifics not clear,Sent to TJ 6/9/23-HCPC codes
1000725641,0.1,ADHD treatment for adults - no other patterns of concern - pass,5/19/23---has some ADHD for adults - but there are MDs who treat it….1A only - pass-no other patterns of concern
1000732394,0.2,Long days issue resolved - case closed after ORC,5/5/23:  Open to Gayna-just did ORC in 2/2023; 7/11/23:  case was closed as long days had decreased substantially.
1000738604,0.75,Attempted billing for TMS with telehealth modifiers - supervises social worker - higher risk,NB:  ORC completed on 3/10/23 and subsequent one for tip on 6/14/23.  Was trying to bill TMS with telehealth modifiers.  Prior call on 3/10/23 addressed non-traditional prescirber codes - he does his own therapy and also supervises one social worker for licensure per state guidelines.  Discussed incident to as he is in process of hiring fully licensed therapist; telehealth also discussed.   
1000739956,0.25,After ORC - long days decreased - half Medicare billing likely incident to - case closed,6/16/23: ORC 12/14/22 - was billing for others - PNI referral done.  On review of new PPA/Claims this date - long days significantly decreased - some still remain but on review - constituted by 1/2 Medicare which could be inicdent to billing. Closed case
1000739988,0.3,SW with older long days - supervising - pass for now,6/2/23-SW in IL - EDW only-long days-some one-offs in combo table - long days were older…only claims at the 1A---could be supervising-pass for now - -
1000741100,0.6,Exposure at two TINs - managed by another agent - less information on outcome. Case in scheduling ,5/26/23-in scheduling right now This was Holly's case; 7/9/23:  exposure at 2TINS only-38829 and 56765. Long days; sent to GH 
1000741578,0.2,Billing under 3 TINs but primarily for RTC SA Treatment which is out of PM scope,6/6/23:  Provider has billing under 3 TIN's belonging to the following 3B groups; Landmark Recovery of Ohio LLC - Landmark Recovery of Kentucky LLC - and Community Mental Health Center Inc (IN). The majority of billing is under Landmark Recovery of Ohio LLC TIN# 852857383 with claims for H2036 - H0015 - and H0011 at RTC SA Treatment Facility (POS 55) which is out of scope for the outpatient practice management team.
1000743691,0.5,Tip for billing for others without supervisory protocol - close until SPs are reviewed,6/26/2023:  had tip for potential billing for others---supervision without supervisory protocol.  Closing case at this time until such time as SPs are reviewed and process is in place.  
1000748043,0.45,Case closed after review - no current patterns of concern - could be reconsidered in future,7/9/23:  PLINX documentation reflects staffing with AVP and mgr on 5/22/23 (would have been this same quarterly report) and supervisory protocol may have been in play here - there were no pattenrs of concern on review.  Case was closed; could be reconsidered after SP guidelines are firmed up.
1000758689,0.3,Triggered for long days and different state billing - last service 11/17/22 - monitoring,5/15/23:  MD in MS---triggered for long days and billing in differnet states.  Has 4 TINS with billing - most in FL-last date of service billed for this provider appears to be 11/17/22.  Will not address at this time.  
1000760011,0.2,Case open with no recent activity - billing corrected - case being closed,5/24/2023-Sent email to Natasha as case is open with no activity in almost a year.  Requested current PPA/Claims; 5/26-all claims with 3B group Complete Healthcare for Women-Meth tx. Case being closed as OOS - early TIN rec'd back in 8/9/22 re: multiple 90791s and/or 90792s being billed with req in OH indicating this cannot happen - but frequency of 90791/92's appears to have corrected. 
1000764834,0.65,Primary billing at high volume - some concerns noted - review for appropriateness in progress,7/9/23:  Primarily billing at a 3B; billing some HCPC codes. Asked Joan/Lisa to review for appropriateness.  It does appear there are some non-Md codes at the 3B billed under his name - but this is the only problematic patterns noted.Freuqency would be explained by the H codes and concurrent tx as well if folks were being seen elsewhere for other services.  Consulting TJ and Joan regarding H code billing-email sent
1000769341,0.5,Open-SP case on hold,6/8/23-Open-SP case---holding….
1000824719,0.6,CC Tx and HCPCs billing - sent for review,6/9/23-Swer in KY-cc tx -  HCPCs billing---sent to TJ to review on 6/9
1000826898,0.2,Long days addressed - new PPAs not run - case closing due to SP changes,6/16/23--longer days were the only thing on the case when reviwed (new PPAs were not run as IA took place in Feb/Mar.  Closing case due to SP changes at this time.
1000827953,0.35,Telehealth only - no significant concerns - but review needed for multiple sessions on same day,on IA list currently…open to Gayna---last reviewed him in March…only doing therapy.  Telehealth only - Currently as of March only had 8 hr days….nothing to call out on.   Been a year since we spoke----provider has mulitiple 90837s on same date freuqency---not clear this speicifically was addressed.....needs consideration for ORC  if not addressed. On further review-90837 with 9037 is not significant enough of a pattern to outreach right now.  close
1000828837,0.2,Billing in NC and Alaska - primarily ER and Crisis Intervention work - out of PM scope,5/26/23-only triggered for diff states; in NC but most of billing is Alaska Medicaid---she does primarily ER work and Crisis Intervention---out of scope for PM.  Billing was at 2 of her Alaska TINS only
1000839568,0.6,Needs pivot for non-MD billing - psychotherapy add-on - ORC for OOS billing review,6/16/23:  GH-non-MD codes and add ons triggered - 90837 is top billed code - TIN ending 551:OON; 732 is a 1A--some longer days-need to pivot for whether the non-MDs are happening; psychotherpay add on-telehealth - check for out of state billing - -ORC.
1000842502,0.1,Primarily billing under one TIN for specific services - no issues according to guidelines - pass,5/12/23:  Majority of claims under TIN: 463157371 - 3B.  Primarily billing is for H2036 TG - which per A. Glockner billing should be coming in under rendering provdier.Pass
1000844862,0.35,Majority of billing is Medica - minimal IC billing - telehealth pattern noted,7/7/23-majority of billing is Medica/pass.  IC is only 0.7% of billing - majority of billing is telehealth-which is a pattern - billing 96127 but it's not paying - 
1000847210,0.45,ORC completed - needs monitoring in future,6/2/23:  open to Gayna - ORC 5/8/23--triggers were addressed.  Needs monitoring in Aug (ORC 5/8/23)
1000852610,0.25,Documentation issues addressed - impact on utilization not significant - case closed,6/16/23:  ORC 8/23 - did PNI referral for inappropriate documentaiton on add-on psychotherapy.  Closing case at this time---given impact of addressing the ADHD with adult billing pattern would not likely be significant on utizliation.
1000853294,0.35,Triggered for states and therapy add-ons - but not a pattern - pass,6/9/23-triggered for states and thx add-ons-Lifestance provider. There are 2 instances of billing at 2 different TINS for same provider--this would not constitute a pattern---pass.
1000853449,0.3,Primary concern on case addressed - no current concerns - pass,6/16/23:  Holly took over case fro mSean in 2/2023--Sean had not been able to schedule the call.  KB took over March of 2023 - but given review of SP - we ill not leave case open at this time.  This was the primary concern on the case.  Pass  (There were only 4 pt's in her OOS telehealth billing on most recent PPA/Claims that was on file.)
1000855787,0.65,Undergoing audit - higher scrutiny and potential risk,Open to Gayna currently-we are auditing - records are in prep with coordinators as of 5/17/23.
1000856493,0.5,LCSW triggered for CC tx - predominantly HCPC billing - sent for review,6/2/23:  LCSW in KY - triggered for CC tx. Predominantly HCPC billing; OP codes are low on the list -sent to PS for review
1000865035,0.5,Cross billing and concurrent tx flagged - primary billing H0038,6/8/2023-triggered for cross billing and concurrent tx. Primary billing is H0038.  What do we do here--primary billing is H0038 - no OP codes of concern - has a small amount of 90837…mgr to check with PS manager; PM manager in PS-TJ Bolton was sent email on 7/11 to advise of case.  
1000869153,0.25,Likely supervising - some billing concerns noted - may require future outreach,5/19/23--LCSW - RI - Primary EDW but some - long days but likely supervising…pass---some 90837 billed twic on same day but ….no other patterns to address.. Pass now---may outreach in furture once SP policy is public.
1000871688,0.3,Long days due to group model - provider part of value-based program - pass for now,5/19/2 30long days - states - add ons.  Group model: Happier Living provider----They are a value based program-this is a Happier Living Provider. This is a provider with long days doing 90836   Pass for now
1000877160,0.6,Billing detox under 3B - needs review by PS team for any issues,6/30/23:  3B only - primary billing is. He is billing detox under a 3B.  CPS was directed to send email to TJ for review by PS team.  Advised Gayna to send to TJ for review to see if PS say any issues. H2034 and H0011 top billed
1000893225,0.2,Primarily billing therapy services with no other patterns - minimal risk,"5/3/23:  Provider only with-and only (80,929.24 K showing on PPA. Primarily  billing H0004 -therapy services….no ot her patterns."
1000893774,0.35,Sent to KY PS for review - billing HCPC codes - under investigation,5/15/23-sent to KY PS--TJ and Dana for review--HCPC codes
1000901041,0.6,Outreach ongoing - potential for NR process engagement,7/11/23: case open to TJ Bolton currently - outreach was occurring - NR process may need to be engaged.
1000902221,0.6,Triggered for long days - actionable - claims at Thrive - sent to committee,5/15/23:  triggered for long days-actionable---most claims are at Thrive---actionable--open and send to committee .  Open to Gayna
1000906390,0.25,Long days trigger but minimal other CPT codes - pass,6/1/23-MD in Ky - long days trigger.  MAT provider; other CPT codes are very minimal.  Pass
1000911075,0.4,In scheduling process - no immediate concerns noted,7/9/23:  2I SOL Mental Health - The Collective is now SOL Mental health.  SOL is open to NB and in sheduling process.
1000911083,0.3,Billing only in Alaska despite being listed in Alabama - needs clarification,5/5/23:  MSW in AL - triggered for different states.  All billing is in Alaska.  She has an Alaska address.  No sure why state is listed as Alabama.
1000911234,0.35,Minor non-MD codes - slightly long days recently - not a pattern,5/9/23:  She is actually an MD in PLINX (QR shows PhD)-Has some non MD codes--small amt…Triggered for concurrent and diff states. Doing a lot of IP case…Non MD codes 1% of billing..2 slightly long days---2-3 slightly longer days recently.  This is not a pattern.   Not doing much add-on--mostly does E/M..
1000911436,0.15,No long days on further review - very low utilization - no patterns of concern,5/26/23:  triggered for long days and states - but onfurther review no long days and very low utilization---1A is only TIN with claims--
1000913822,0.1,IA completed with no intervention needed,5/15/23:  IA 5/4 -no intervention
1000915367,0.25,All billing E/M - no add-ons - mostly telehealth - pass,6/1/23-MD in FL-nothing here---all E/M no add-on…mostly telehealth.  Pass
1000920455,0.2,Only trigger is different states - previously educated on psychotherapy,6/23/23:  only trigger now is different states; ORC previously conducted on 2/23/22 for diagnostic evaluation frequency.  He was educated at that time regarding add-on psychotherapy - the psych diagnostic evaluations.  Closed case.  
1000921534,0.3,Long days skewed by H codes and resubmissions - billing appears appropriate,6/23/23:  long days skewed by H codes -  resubmissions and  supervisions--some long days - HCPCs code -billing appears appropriate.  No apparent cross billing issues.  
1000924694,0.6,Case being actively addressed by PS team - ongoing investigation,5/5/23:  Went to Over on 5/2-being opened to PS team---email was sent to TJ-open to PS and currently being addressed
1000925404,0.45,Insufficient info - prior PNI involvement - MD in FL with states and add-ons - needs re-check,5/17/23:  have to re-run PPA---PPA was incorrect:  5/18:  MD in FL - triggered for states - and add-ons .  Elite DNA_-Will not outreach at this time--PNI prior involvement --Needs to be re-checked-insufficient info in PLINX to illustrate support for this.
1000927044,0.4,ORC addressed add-ons and long days - continued monitoring by Gayna,5/26/23-open to Gayna--ORC on 4/19/23. Add ons and long days-were both addresssed.
1000928283,0.2,All OP CPT codes - case closed after staffing with Mgr and Avp - dual covered members,"5/19/23.  RI - 3B,codes are all OP CPT - telehealth and CMHC POS,--bring to AVP staffing Monday  Staffed on 5/22/23:  Mgr and Avp were in agreement to close case.  Several 90834s billed concurrently - but these were dual covered members."
1000929550,0.4,Primary exposure with Lifestance - no frequent billing - OOS to be checked,7/7/23:  all exposure is with Lifestance:  EDW is primary exposure.  Triggers was states.  Not any real frequency--pass but double check OOS billing.
1000929844,0.25,Tip received but no outpatient code patterns of concern - primarily HCPC billing,5/3/23:  tip rec'd in 11/2022- This was medica and is not reviewed her.  is HCPC billing no OP codes pattern worthy.  
1000940369,0.2,Majority of claims at group level - consulted for billing appropriateness - case closed,5/12/23-Natasha's case - closed---Majority of cliams at the 3B group level - H0010 - H0015 and H0011-consulted A Glockner to confirm billing for these services was appropriate to come in under individual name.
1000949283,0.4,Long days but supervision may be occurring - pass after PS PM review,"5/9/23:  Case concerns include: long days present but expected as supervision may be occurring / 3B group - most codes billed are HCPCS codes. No other patterns of concern. 
Next steps: Manager in agreement no PM OP patterns of concern to address - close case - but also forward to PS PM to review.

 "
1000950427,0.1,Billing primarily H codes for Methadone Maintenance - no concerns,5/25/23:  in RI--all H codes on…Methadone Mnt.
1000965022,0.1,Majority billing SUD RTC H0011 - out of PM scope - minimal concern,5/26/23:  MD in KY-majority biling SUD RTC H0011-out of scope for PM
1000972630,0.4,ORC referral done - some oversight but not necessarily high risk,ORC to Gayna 4/20 PNI referral done
1000975914,0.35,Case closed - supervising staff - no further action needed without protocol specifics,7/7/23:  case closed by KB 3/7/23-ORC 2/27/23-verying state of location - reassessing ADJ dx q 90 days; she reported having 1 Optum staff member not fully credentialed but had a full understanding and verbalized this staff member did not see any Optum folks at all.  She is supervising staff who are not fully licensed and are in supervision for licensure.  Nothing else to do without specifics of supervisory protocol policy.  
1000977516,0.8,All-codes flag indicated - implies significant concerns,Tip 1/26/23- documentation in PLINX as of 7/12 indicated an all codes flag was being placed for proivder and flag does show in RAPPID.  90837 - 90853 - H2017 - H2019 - T1016
1000980694,0.25,Case closed on monitoring - no issues on PPA,6/8/23:  case closed on monitoring review-had been audited with results call 12/20/22.  Nothing on PPA to address at this point.  EDW claims only.
1000980755,0.5,Triggered for long days and therapy add-ons - under review -  APRN with telehealth -needs close monitoring,5/10/23:  triggered for long days - states - thx add ons--only EDW billing. APRN---doing therapy add ons---no straight thx codes - telhealth - 2 13 hr days in April of 23--Happier Living--open to Holly
1000981084,0.2,Perfect audit results - case closed,6/27/23-audit results call was on 2/24/23-provider had perfect audit-had Kathleen close case this date.
1000990874,0.55,Minor frequency in billing - previously addressed Medicare billing for others,6/9/23-with HRI(just did IA on 5/5 call was 11/14/22)) -triggering for crisis codes…only has 2; does have some longer days….Swer operating at a 3B---SP -this is the only patteen we see---some frequency.  HRI code was for billing for others for Medicare--this is not currently present on a long day reviewed.  Group does have some Medicare - but they were outreached to as indicated already.-Pass.
1000991636,0.65,Long days and complexity in billing - requires review by committee,"7/9/23:  2 TINS with claims-xxxx63025 and xxxx70894; no at either of them.  EDW claims only-77,918K for the year.  Long days are old - Int complexity is there-would warrant call. Criss sessions are minimal.  Majority of billing (85%) is in office.  IC -send to committee"
1001002191,0.2,Long days stopped - no billing for the past 4 months - will review next quarterly report,5/5/23:  MSW in FL-triggered for long days-H2017 billing appeared to stop 1/19/23-no billing in 4 months on PPA-will need to check on next quarterly report-no billing since January 2023 on current PPA.
1001006524,0.35,LCSW with good billing practice - no group review - has SP,6/8/23-triggered for states.LCSW in NC-2A--with Lifestance - but all of her billing looks good - did not review the group - provdier would have SP--nothing to address on PPA.  Seeing folks less than once weekly.
1001008487,0.55,High cost E/M and frequency due to hospital work - but no outreach for now,6/30/23:  triggered for High cost E/M - a couple of slightly longer days - frequency is up as he does hospital work - T1015 x 11 on procedure code table but only pd $665 would not outreach for anything -does have 3B affiliate but did not run as no patterns at the individual level...
1001008600,0.1,Frequency and non-MD codes related to bed-based SUD - not in scope for OP or PS,5/15/23:  both TINS coming up in claims. Frequency - Non MD and CCTX - bed based HLOC SUD -RES.  Not in scope for OP or PS.  only
1001017897,0.3,Reviewed and not much different from previous - pass for now,5/9/23-Staffed with AVP in Feb. Reviewed PPA--not much different at this time.  Pass for now-----note was in from March---
1001019335,0.3,Triggered for states - majority claims at Lifestance - needs monitoring,5/19/23-triggered for states - Lifestance - OON - OON - Thrive 2A - Alma - NY MedicalMajority of claims at Lifestance
1001024188,0.2,Low exposure - long days older and resolved - closing case,6/16/23:  ORC 11/1/22-exposure is very low-still triggering for long days Provider denied billing.  All longer days were older even at time of outreach.  Close case at this time.  
1001028881,0.45,No recent billing - group scheduling in progress - monitoring group-level billing,7/7/23:  ran EDW PPA and last DOS billed was 10/19/22; ran and nothing comes up in her name at all.  Group SOL Mental Health is open and in scheduling currently as of 7/6/23. Sent note to Natasha B to ensure she knew all these triggers and plans to address them at the group level.
1001029966,0.4,Cross billing and long days noted - primarily HCPC codes - not a full pattern but needs monitoring,5/17/23:  GA therapist - cross billing - long days and and different states.  Primariy exposure on and is primarily HCPC codes and we do not have Mecicaid scope in GA….EDW--expsoure 17K - nad doing primarily CPT codes….cross billing issues but not a full blown pattern.
1001035337,0.15,Case advised to close after review - limited concerns with H-codes and limited CPT codes,5/1/23:  3B billing out of Idaho; 99% of providers billing is at Idaho TIN
1001035618,0.1,H codes and NC Medicaid - not in PM scope - pass,5/10/23:  add on codes - just EDW.  MD in NC. Long days were resubmissions on review-not really long days.  Only add-ons and mostly the 90833 but is doing them for just about evey client---Pass add on is primarily the 33-some CCtx but not worthy of call
1001035743,0.3,Triggered for frequency and billing concerns - requires review - note sent for follow-up,4/11/23:  Case concerns include: CPS provided overview of provider and data.Practice Patterns include: The use of primary H-codes and concurrent treatment.CPS recommendation is to close case after reviewing with manager. Primary H codes are being billed for peer services. There are limited CPT codes. Public sector has a case open with this provider.Next steps: Manager was in agreement with recommendations and advised to close case. 
1001035743,0.3,Triggered for frequency - monitoring required - note sent for follow-up,"5/16/23:  only 1 report, - passing as all H codes - and NC Medicaid services which are not in scope for PM"
1001036538,0.45,ORC recently occurred - case open and under review by Gayna,5/10/23-LCSW in FL-triggered for freuqency and  MFM on same date.  Send to TJ and put a note. Provider was billing HCPC codes.
1001036538,0.45,Case open and under review - recent ORC suggests active concerns,5/10/23-open to Gayna - ORC  occurred 4/26/23.
1001036563,0.4,Telehealth and 90837 billing - actionable - needs committee review,5/26/23:  MD in FL - 90837 - telehealth - days are not that long--actionable.  Send to committee
1001041277,0.35,SP issue suspected - holding case,6/8/2023-triggered for long days - cctx - states.  This is likely SP==we would not call out on this..  She does appear to be billing everything almost with an HO modifier.  This appears to be a SP issue--hold
1001044523,0.35,MSW in NY with long days and telehealth supervision - pattern noted - follow-up required,5/19/23:  MSW in NY 2i with Resiliance Lab--at the time they were OON--we could not do a group call.  (We have spoken with 4 other providers in the group because we could not have a group call). Has long days---and different states.  They do supervision per previous calls with other provdiers in group.  This is the only pattern right now.  Cannot locate Resilience Lab or whether there DBA is in PLINX---CPS to follow.  Resilience Psychotherapy.. potential supervision on individaul PPA---answered all 4 calls previously same way for telehealth concerns---will come back up next time on QR.  
1001044859,0.5,Need to review Charlie Health in PM IOP program - pending staff review,6/30/23:  Charlie Health provider on one TIN - Need to staff status of Charlie Health in PM IOP program with Karen Dodd
1001046349,0.2,Triggered for CCtx only - H0038 as top code - no immediate concerns - under review,5/19/23-KY - triggered for CCtx only; has H0038 as top code billed;  individual provider billing on HCPC codes.  Sent to PS Mgr for review.  3B and OON TINS. Pass- Send to TJ Bolton; document as such for review
1001053540,0.2,Has supervisory protocol - affiliated with a group under contract - minimal action needed,1/2/23: 3B - national contract and has a supervisory protocol. Provider is affiliated with Charlie Health-Charlie Helath Inc group was open to Holly Garg at the time.
1001055577,0.2,Billing issues addressed - long days decreased - no other patterns of concern - case closed,5/5/23: ORC was in 1/2023-billing for others - PhD - billing for fully licensed folks.  Provider was billing for another provider in her office-but closing basedon this monitoring. Long days appear to have substantially decreased.  No other pattenrs of concern. Case was closed 5/5/23.
1001058893,0.2,Audit results positive - PPA/Claims show no patterns of concern,6/21/23:  audit results in 3/22/23 - closing case---PPA/Claims look good. No patterns of concern currently.  
1001060016,0.3,Standard billing for practice - some concurrent therapy but no concerns,6/16/23: states and add-ons - PA APRN - Doing 90836 as primarily code billed.  Telehealth - frequency looks good-some concurrent thx but nothing that would warrant us saying she shouldn't be doing therapy-.this is also a Happier Living case as we know this to be their MO. 
1001060037,0.3,States and add-ons triggered but low volume - no significant concerns - pass,6/30/23:  states and add ons triggered - APRN in FL - has some 90785 but low - has some 90838 but low - no long days…only had freq on 1 member and none of those claims pd--they were resubmissions.  Pass.
1001061359,0.35,Predominance of billing is HCPC codes - sending to PM Manager for review,6/2/23:  no note in PLINX or PPA on file  On review of PPA--predominance of billing is HCPC codes and provider with 3B affiliate. Sending to PM Manager for PS. 
1001062037,0.1,No issues found in ORC - case seems stable,2/13/23:  reviewed case with AVP;  MAVA Healthcare System LLC; ORC was held 6/14/23---there were no issues.
1001062463,0.15,APRN with appropriate IP dementia care on psych unit - no concerns - pass,5/19/23-APRN in LA - triggered for CCtx and add-ons - all IP some dementia -  but on a psych unit and we would not expect the doc not to spend time with the client figuring out the case.CSP and EDW look same in terms of tables// pass
1001070334,0.25,Case previously open - now closed - group opened for further review,5/15/23:  Was open to Gayna - then was closed and group was opened for Ventre
1001076582,0.3,Add-ons not a concern by themselves - low end with mid-level E/M complexity - pass,6/1/23:  MD in FL - triggered for states - add ons-no current longs days---is doing adds…but not a reason in and of itself to call….doing low end add on with mid level complexity E/M--some of his pt's have therapists….but this would be expected.  Had originally planned outreach but on further reviewed with AVP on 4/11 and had closed.
1001089154,0.3,Review of practice patterns showed majority billing of H codes - long days noted - no current outreach necessary,"5/1/23:  Reviewed all practice patterns - provider is billing predominantly H codes at 1A TINs. She triggered for long days. Other practice patterns include frequency of visits - evidence based therapy with geriatric mbrs - use of POS 53 as 1A provider and a small amount of OP CPT therapy codes that were submitted for 4 units each on same DOS (provider possibly confused about 15 min vs 1hr units). 
PM mgr did not feel that the practice patterns necessitated outreach at this time as the majority of the codes billed were H codes.   Alene Rozzell has  opened the case  on tip for inappropriate use of H codes."
1001090102,0.4,Use of add-on codes and telehealth - slightly long days - affiliated with Happier Living - needs further PPA review,5/10/2023-Add on codes - 33 and 36 - telehealth - slightly long days…2 most recent dates are older - most current by the math is 7 clients per day.  Affiliated with Happier Living -case is open to Holly  Need PPA on Happier Living bumped up again Schlotterback...
1001095277,0.15,Data mining showed no concerning practice patterns - no out of state billing - low risk,5/1/23:  Performed data mining/analysis to review potential practice patterns/case opening.Patterns reviewed include: Upon review of data there are no patterns of concern - no out of state billing.
1001108011,0.2,Case closed after H code billing review - was previously reviewed for problematic billing,5/1/23--closed given H code billing--predominant-case was sent to AVP for review at leasdership request.  Case was forwarded to PS on 2/16/23 per email.  Was reviewed by PS team for problematic billing
1001124675,0.55,Billing under individual provider - sent for review to ensure appropriateness,6/16/23:  1 Edw claim that did not pay; billing includes Swer under Health Connect America---CPS needs to find out if group is open in MS - lots of HCPC codes under individual provider---sent PPA to TJ to review with Lori Latham to ensure this was appropriate billing.  
1001128652,0.3,Out-of-network provider billing HCPCS codes - public sector intervention at group level,4/24/23:  Oon SW billing mainly HCPCS codes.  Public sector just completed intervention on this provider at group level.
1001133520,0.35,Long days observed - needs closer examination - staffed with AVP and Mgr,5/26/23:  MD in FL-has what apperas to be longer days---  LOOK CLOSER AT THIS ONE___LONG DAYS ARE CURRENT; 5/31:  staffed with AVP and Mgr-long days were E/Ms and 90833 and not worthy of discussion
1001133971,0.55,Triggered for long days - review by public sector needed,5/9/23:  Only billing-Triggered for long days….3B group-outside of 90837 - top codes billed are HCPC codes.  An there is MS billing-sent PPAs for review by public sector….PS to review
1001135533,0.3,Concerns about add-ons - but consistent with practice - case closing,5/26/23 - EDW only - APRN in FL-triggered for add on codes..concern regarding the ADD ons given day volume that time would be appropriate.  View long day first but  call--90836 volume and some longer days…all exposure with Happier Living; had staffed Happier Living situation with AVP-consistent with this situation - closing case at this time.
1001140195,0.15,Rostering issue resolved - billing for others addressed at group level,5/19/23cosed 4/4/23--with MCCD---this was a rostering issue. Were billing for others due to rostering issues.  Issues identified in data mining were addressed at the group level.  
1001147800,0.55,Long days and different state billing; needs reassessment after SP issues resolution,6/9/23 long days/different states - SW in WI.  Call-long days - telehealth…All claims were at 2A Lifestance which did have SP. Will likely need to be reassessed when SP issues are resolved.
1001158842,0.65,APRN with long days and state billing - ORC to be scheduled,6/8/23:  APRN in FL - long days - states and add-ons. --long days are evident on PPA-ORC to be scheduled - Add on - telehealth-check different states.    Staff with Karen--Run group PPAs / ORC 7/11/23
1001165229,0.25,Some crisis add-on codes and concurrent treatment - but closing due to low priority,4/11/23:  some crisis addon codes and conc. Tx - but will close at this time from a priority standpoint.
1001165693,0.35,Long hours but frequency fine - commercial billing - likely SP issue - pass for now,6/16/23:  SW in IL - telehealth - doing 12 and 13 hours days relatively currently - has some telehealth - freuqency is fine….EDW billing only. This is all commercial and likely SP would apply---will pass for now.
1001168092,0.65,Flag for H2019 - misinformed AVP - needs restaffing and review,7/9/23:  Open to Gayna---flag request was resubmitted for H2019.  But flag did not include anything else and it appears AVP was misinformed.  Needs to be staffed.  H2019 billing still coming in; needs to be restaffed. Sent to GH for NCR
1001178902,0.25,MSW in MA - crisis codes for Medicaid clients - likely diversion program - no immediate concerns,5/19/23:  mostly EDW billing MSW in MA and 3B - in MA--mostly Medicaid client base in MA.  POS is on campus outpaitient hospital - and top codes are crisis and crisis follow S9485 and H2011 for Medicaid clients---looks like diversion. 
1001193054,0.4,CCtx - all H0038 - needs review by PS,6/23/23:  CCtx - close---all H0038-send to PS for TJ.  
1001203707,0.75,No billing showing - frequency and CASSI/LOCUS hours for IOP LOC are concerning,7/9/23:  NO billing; EDW does not show her as an option to select - but when running the whole group can access name on excel claims.  There are problems with regard to the freqency of group billing per day as well as meeting CASSI and LOCUS hours billed for IOP LOC Actionable. Sent to NB.  
1006265690,0.45,Only minimal billing noted; re-evaluation needed - moderate risk pending further info,Only EDW billing - no.    Gayna re-ran and still only a very minimal amt of EDW-  (Missing PPA to line up with EDW)---need to re-run
1007605173,0.5,HCPC billing only - already under review by AVP,6/9/23Only has - -send to TJ all HCPC billing-already sent to AVP.  
